session_id,wall_time,frame_n,elapsed_ms,scenario_id,scenario_desc,exp_n_targets,exp_obstacle,exp_obstacle_mm,exp_range_m,exp_angle_deg,target_id,r_m,x_m,y_m,angle_deg,speed_m_s,event_marker
20f7631e,2026-05-02T23:20:42.577,2521,108,,(no scenario),,,,,,P1,0.4421,-0.067,0.437,-8.717,0.0,SCENARIO_START
20f7631e,2026-05-02T23:20:42.666,2522,198,,(no scenario),,,,,,P1,0.4381,-0.089,0.429,-11.72,0.0,
20f7631e,2026-05-02T23:20:42.777,2523,309,,(no scenario),,,,,,P1,0.4279,-0.108,0.414,-14.621,0.0,
20f7631e,2026-05-02T23:20:42.866,2524,397,,(no scenario),,,,,,P1,0.4318,-0.126,0.413,-16.966,0.0,
20f7631e,2026-05-02T23:20:42.967,2525,499,,(no scenario),,,,,,P1,0.4491,-0.151,0.423,-19.645,0.0,
20f7631e,2026-05-02T23:20:43.076,2526,607,,(no scenario),,,,,,P1,0.4517,-0.153,0.425,-19.799,0.0,
20f7631e,2026-05-02T23:20:43.168,2527,700,,(no scenario),,,,,,P1,0.4209,-0.118,0.404,-16.282,0.0,
20f7631e,2026-05-02T23:20:43.293,2528,825,,(no scenario),,,,,,P1,0.4018,-0.079,0.394,-11.338,0.0,
20f7631e,2026-05-02T23:20:43.372,2530,904,,(no scenario),,,,,,P1,0.3537,0.044,0.351,7.145,0.0,
20f7631e,2026-05-02T23:20:43.466,2531,998,,(no scenario),,,,,,P1,0.3279,0.101,0.312,17.938,0.0,
20f7631e,2026-05-02T23:20:43.567,2532,1099,,(no scenario),,,,,,P1,0.342,0.14,0.312,24.167,0.0,
20f7631e,2026-05-02T23:20:43.665,2533,1197,,(no scenario),,,,,,P1,0.302,0.073,0.293,13.99,0.0,
20f7631e,2026-05-02T23:20:43.783,2534,1315,,(no scenario),,,,,,P1,0.2941,0.006,0.294,1.169,0.0,
20f7631e,2026-05-02T23:20:43.867,2535,1399,,(no scenario),,,,,,P1,0.3052,-0.01,0.305,-1.878,0.0,
20f7631e,2026-05-02T23:20:43.974,2536,1506,,(no scenario),,,,,,P1,0.3233,-0.014,0.323,-2.482,0.0,
20f7631e,2026-05-02T23:20:44.067,2537,1599,,(no scenario),,,,,,P1,0.3425,-0.019,0.342,-3.18,0.0,
20f7631e,2026-05-02T23:20:44.185,2539,1717,,(no scenario),,,,,,P1,0.3871,-0.049,0.384,-7.272,0.0,
20f7631e,2026-05-02T23:20:44.269,2540,1801,,(no scenario),,,,,,P1,0.408,-0.075,0.401,-10.594,0.0,
20f7631e,2026-05-02T23:20:44.388,2541,1919,static_1m_normal,Стационарная цель на 1 м по нормали,1,none,0,1.0,0.0,P1,0.4269,-0.104,0.414,-14.101,0.0,SCENARIO_START
20f7631e,2026-05-02T23:20:44.467,2542,1999,static_1m_normal,Стационарная цель на 1 м по нормали,1,none,0,1.0,0.0,P1,0.4339,-0.133,0.413,-17.85,0.0,
20f7631e,2026-05-02T23:20:44.573,2543,2104,static_1m_normal,Стационарная цель на 1 м по нормали,1,none,0,1.0,0.0,P1,0.4408,-0.14,0.418,-18.517,0.0,
20f7631e,2026-05-02T23:20:44.671,2544,2203,static_1m_normal,Стационарная цель на 1 м по нормали,1,none,0,1.0,0.0,P1,0.4577,-0.133,0.438,-16.891,0.0,
20f7631e,2026-05-02T23:20:44.776,2545,2308,static_1m_normal,Стационарная цель на 1 м по нормали,1,none,0,1.0,0.0,P1,0.4797,-0.129,0.462,-15.601,0.0,
20f7631e,2026-05-02T23:20:44.866,2546,2398,static_1m_normal,Стационарная цель на 1 м по нормали,1,none,0,1.0,0.0,P1,0.4907,-0.127,0.474,-14.999,0.0,
20f7631e,2026-05-02T23:20:44.978,2548,2510,static_1m_normal,Стационарная цель на 1 м по нормали,1,none,0,1.0,0.0,P1,0.4975,-0.127,0.481,-14.79,0.0,
20f7631e,2026-05-02T23:20:45.066,2549,2598,static_1m_normal,Стационарная цель на 1 м по нормали,1,none,0,1.0,0.0,P1,0.5014,-0.131,0.484,-15.145,0.0,
20f7631e,2026-05-02T23:20:45.173,2550,2705,static_1m_normal,Стационарная цель на 1 м по нормали,1,none,0,1.0,0.0,P1,0.5025,-0.135,0.484,-15.585,0.08,
20f7631e,2026-05-02T23:20:45.276,2551,2808,static_1m_normal,Стационарная цель на 1 м по нормали,1,none,0,1.0,0.0,P1,0.5019,-0.14,0.482,-16.196,0.0,
20f7631e,2026-05-02T23:20:45.368,2552,2900,static_1m_normal,Стационарная цель на 1 м по нормали,1,none,0,1.0,0.0,P1,0.4931,-0.149,0.47,-17.59,0.0,
20f7631e,2026-05-02T23:20:45.476,2553,3007,static_1m_normal,Стационарная цель на 1 м по нормали,1,none,0,1.0,0.0,P1,0.4833,-0.145,0.461,-17.46,0.0,
20f7631e,2026-05-02T23:20:45.565,2554,3097,static_1m_normal,Стационарная цель на 1 м по нормали,1,none,0,1.0,0.0,P1,0.4744,-0.131,0.456,-16.028,0.0,
20f7631e,2026-05-02T23:20:45.685,2555,3216,static_1m_normal,Стационарная цель на 1 м по нормали,1,none,0,1.0,0.0,P1,0.4635,-0.111,0.45,-13.856,0.0,
20f7631e,2026-05-02T23:20:45.766,2557,3297,static_1m_normal,Стационарная цель на 1 м по нормали,1,none,0,1.0,0.0,P1,0.4752,-0.098,0.465,-11.901,0.0,
20f7631e,2026-05-02T23:20:45.872,2558,3404,static_1m_normal,Стационарная цель на 1 м по нормали,1,none,0,1.0,0.0,P1,0.4787,-0.096,0.469,-11.568,0.0,
20f7631e,2026-05-02T23:20:45.979,2559,3511,static_1m_normal,Стационарная цель на 1 м по нормали,1,none,0,1.0,0.0,P1,0.4821,-0.098,0.472,-11.73,0.0,
20f7631e,2026-05-02T23:20:46.068,2560,3600,static_1m_normal,Стационарная цель на 1 м по нормали,1,none,0,1.0,0.0,P1,0.4852,-0.099,0.475,-11.773,0.0,
20f7631e,2026-05-02T23:20:46.191,2561,3723,static_1m_normal,Стационарная цель на 1 м по нормали,1,none,0,1.0,0.0,P1,0.4868,-0.102,0.476,-12.095,0.0,
20f7631e,2026-05-02T23:20:46.267,2562,3798,static_1m_normal,Стационарная цель на 1 м по нормали,1,none,0,1.0,0.0,P1,0.4867,-0.106,0.475,-12.58,0.0,
20f7631e,2026-05-02T23:20:46.380,2563,3912,static_1m_normal,Стационарная цель на 1 м по нормали,1,none,0,1.0,0.0,P1,0.4883,-0.109,0.476,-12.898,0.0,
20f7631e,2026-05-02T23:20:46.467,2564,3999,static_1m_normal,Стационарная цель на 1 м по нормали,1,none,0,1.0,0.0,P1,0.4904,-0.114,0.477,-13.441,0.0,
20f7631e,2026-05-02T23:20:46.580,2565,4112,static_1m_normal,Стационарная цель на 1 м по нормали,1,none,0,1.0,0.0,P1,0.4926,-0.119,0.478,-13.98,0.0,
20f7631e,2026-05-02T23:20:46.667,2567,4199,static_1m_normal,Стационарная цель на 1 м по нормали,1,none,0,1.0,0.0,P1,0.4837,-0.11,0.471,-13.146,0.0,
20f7631e,2026-05-02T23:20:46.782,2568,4314,static_1m_normal,Стационарная цель на 1 м по нормали,1,none,0,1.0,0.0,P1,0.4705,-0.094,0.461,-11.525,0.0,
20f7631e,2026-05-02T23:20:46.866,2569,4397,static_1m_normal,Стационарная цель на 1 м по нормали,1,none,0,1.0,0.0,P1,0.4442,-0.053,0.441,-6.853,0.0,
20f7631e,2026-05-02T23:20:46.967,2570,4499,static_1m_normal,Стационарная цель на 1 м по нормали,1,none,0,1.0,0.0,P1,0.4151,-0.01,0.415,-1.38,0.0,
20f7631e,2026-05-02T23:20:47.079,2571,4611,static_1m_normal,Стационарная цель на 1 м по нормали,1,none,0,1.0,0.0,P1,0.3632,0.067,0.357,10.629,0.0,
20f7631e,2026-05-02T23:20:47.167,2572,4699,static_1m_normal,Стационарная цель на 1 м по нормали,1,none,0,1.0,0.0,P1,0.364,0.116,0.345,18.584,0.0,
20f7631e,2026-05-02T23:20:47.282,2573,4814,static_1m_normal,Стационарная цель на 1 м по нормали,1,none,0,1.0,0.0,P1,0.3632,0.125,0.341,20.131,0.0,
20f7631e,2026-05-02T23:20:47.366,2574,4898,static_1m_normal,Стационарная цель на 1 м по нормали,1,none,0,1.0,0.0,P1,0.354,0.147,0.322,24.538,0.0,
20f7631e,2026-05-02T23:20:47.484,2576,5015,static_1m_normal,Стационарная цель на 1 м по нормали,1,none,0,1.0,0.0,P1,0.3516,0.164,0.311,27.804,0.0,
20f7631e,2026-05-02T23:20:47.567,2577,5098,static_1m_normal,Стационарная цель на 1 м по нормали,1,none,0,1.0,0.0,P1,0.3452,0.176,0.297,30.651,0.0,
20f7631e,2026-05-02T23:20:47.690,2578,5222,static_1m_normal,Стационарная цель на 1 м по нормали,1,none,0,1.0,0.0,P1,0.3388,0.202,0.272,36.599,0.0,
20f7631e,2026-05-02T23:20:47.768,2579,5300,static_1m_normal,Стационарная цель на 1 м по нормали,1,none,0,1.0,0.0,P1,0.3618,0.208,0.296,35.096,0.0,
20f7631e,2026-05-02T23:20:47.875,2580,5407,static_1m_normal,Стационарная цель на 1 м по нормали,1,none,0,1.0,0.0,P1,0.3698,0.18,0.323,29.13,0.0,
20f7631e,2026-05-02T23:20:47.967,2581,5499,static_1m_normal,Стационарная цель на 1 м по нормали,1,none,0,1.0,0.0,P1,0.3678,0.116,0.349,18.386,0.0,
20f7631e,2026-05-02T23:20:48.078,2582,5610,static_1m_normal,Стационарная цель на 1 м по нормали,1,none,0,1.0,0.0,P1,0.3666,0.064,0.361,10.053,0.0,
20f7631e,2026-05-02T23:20:48.165,2583,5697,static_1m_normal,Стационарная цель на 1 м по нормали,1,none,0,1.0,0.0,P1,0.3628,0.045,0.36,7.125,0.0,
20f7631e,2026-05-02T23:20:48.275,2585,5807,static_1m_normal,Стационарная цель на 1 м по нормали,1,none,0,1.0,0.0,P1,0.3737,0.065,0.368,10.017,0.0,
20f7631e,2026-05-02T23:20:48.376,2586,5908,static_1m_normal,Стационарная цель на 1 м по нормали,1,none,0,1.0,0.0,P1,0.3852,0.1,0.372,15.046,0.0,
20f7631e,2026-05-02T23:20:48.467,2587,5999,static_1m_normal,Стационарная цель на 1 м по нормали,1,none,0,1.0,0.0,P1,0.3887,0.156,0.356,23.663,0.0,
20f7631e,2026-05-02T23:20:48.581,2588,6113,static_1m_normal,Стационарная цель на 1 м по нормали,1,none,0,1.0,0.0,P1,0.4051,0.204,0.35,30.236,0.0,
20f7631e,2026-05-02T23:20:48.689,2589,6221,static_1m_normal,Стационарная цель на 1 м по нормали,1,none,0,1.0,0.0,P1,0.3899,0.159,0.356,24.067,0.0,
20f7631e,2026-05-02T23:20:48.804,2590,6336,static_1m_normal,Стационарная цель на 1 м по нормали,1,none,0,1.0,0.0,P1,0.378,0.102,0.364,15.654,0.0,
20f7631e,2026-05-02T23:20:48.878,2591,6410,static_1m_normal,Стационарная цель на 1 м по нормали,1,none,0,1.0,0.0,P1,0.3773,0.05,0.374,7.615,0.0,
20f7631e,2026-05-02T23:20:48.965,2592,6497,static_1m_normal,Стационарная цель на 1 м по нормали,1,none,0,1.0,0.0,P1,0.377,0.027,0.376,4.107,0.0,
20f7631e,2026-05-02T23:20:49.067,2594,6599,static_1m_normal,Стационарная цель на 1 м по нормали,1,none,0,1.0,0.0,P1,0.3546,0.063,0.349,10.233,0.0,
20f7631e,2026-05-02T23:20:49.176,2595,6707,static_1m_normal,Стационарная цель на 1 м по нормали,1,none,0,1.0,0.0,P1,0.3495,0.081,0.34,13.4,0.0,
20f7631e,2026-05-02T23:20:49.268,2596,6799,static_1m_normal,Стационарная цель на 1 м по нормали,1,none,0,1.0,0.0,P1,0.359,0.027,0.358,4.313,0.0,
20f7631e,2026-05-02T23:20:49.383,2597,6915,static_1m_normal,Стационарная цель на 1 м по нормали,1,none,0,1.0,0.0,P1,0.3587,-0.022,0.358,-3.517,0.0,
20f7631e,2026-05-02T23:20:49.473,2598,7005,static_1m_normal,Стационарная цель на 1 м по нормали,1,none,0,1.0,0.0,P1,0.3633,-0.062,0.358,-9.825,0.0,
20f7631e,2026-05-02T23:20:49.592,2599,7124,static_1m_normal,Стационарная цель на 1 м по нормали,1,none,0,1.0,0.0,P1,0.3694,-0.095,0.357,-14.901,0.0,
20f7631e,2026-05-02T23:20:49.667,2600,7199,static_1m_normal,Стационарная цель на 1 м по нормали,1,none,0,1.0,0.0,P1,0.3792,-0.122,0.359,-18.769,0.0,
20f7631e,2026-05-02T23:20:49.779,2601,7311,static_1m_normal,Стационарная цель на 1 м по нормали,1,none,0,1.0,0.0,P1,0.3939,-0.143,0.367,-21.288,0.0,
20f7631e,2026-05-02T23:20:49.866,2603,7398,static_1m_normal,Стационарная цель на 1 м по нормали,1,none,0,1.0,0.0,P1,0.4156,-0.177,0.376,-25.208,0.0,
20f7631e,2026-05-02T23:20:49.985,2604,7517,static_1m_normal,Стационарная цель на 1 м по нормали,1,none,0,1.0,0.0,P1,0.4177,-0.19,0.372,-27.056,0.0,
20f7631e,2026-05-02T23:20:50.067,2605,7599,static_1m_normal,Стационарная цель на 1 м по нормали,1,none,0,1.0,0.0,P1,0.4194,-0.203,0.367,-28.948,0.0,
20f7631e,2026-05-02T23:20:50.178,2606,7710,static_1m_normal,Стационарная цель на 1 м по нормали,1,none,0,1.0,0.0,P1,0.4205,-0.214,0.362,-30.59,0.0,
20f7631e,2026-05-02T23:20:50.266,2607,7798,static_1m_normal,Стационарная цель на 1 м по нормали,1,none,0,1.0,0.0,P1,0.4223,-0.224,0.358,-32.034,0.0,
20f7631e,2026-05-02T23:20:50.385,2608,7917,static_1m_normal,Стационарная цель на 1 м по нормали,1,none,0,1.0,0.0,P1,0.4243,-0.234,0.354,-33.465,0.0,
20f7631e,2026-05-02T23:20:50.468,2609,8000,static_1m_normal,Стационарная цель на 1 м по нормали,1,none,0,1.0,0.0,P1,0.4263,-0.242,0.351,-34.585,0.0,
20f7631e,2026-05-02T23:20:50.582,2610,8114,static_1m_normal,Стационарная цель на 1 м по нормали,1,none,0,1.0,0.0,P1,0.4091,-0.226,0.341,-33.535,0.0,
20f7631e,2026-05-02T23:20:50.668,2612,8200,static_1m_normal,Стационарная цель на 1 м по нормали,1,none,0,1.0,0.0,P1,0.3792,-0.185,0.331,-29.201,0.0,
20f7631e,2026-05-02T23:20:50.786,2613,8318,static_1m_normal,Стационарная цель на 1 м по нормали,1,none,0,1.0,0.0,P1,0.3797,-0.175,0.337,-27.442,0.0,
20f7631e,2026-05-02T23:20:50.865,2614,8397,static_1m_normal,Стационарная цель на 1 м по нормали,1,none,0,1.0,0.0,P1,0.3913,-0.175,0.35,-26.565,0.0,
20f7631e,2026-05-02T23:20:50.976,2615,8508,static_1m_normal,Стационарная цель на 1 м по нормали,1,none,0,1.0,0.0,P1,0.3954,-0.17,0.357,-25.463,0.0,
20f7631e,2026-05-02T23:20:51.082,2616,8613,static_1m_normal,Стационарная цель на 1 м по нормали,1,none,0,1.0,0.0,P1,0.4083,-0.166,0.373,-23.991,0.0,
20f7631e,2026-05-02T23:20:51.167,2617,8698,static_1m_normal,Стационарная цель на 1 м по нормали,1,none,0,1.0,0.0,P1,0.4119,-0.166,0.377,-23.765,0.0,MARK
20f7631e,2026-05-02T23:20:51.278,2618,8810,static_1m_normal,Стационарная цель на 1 м по нормали,1,none,0,1.0,0.0,P1,0.4127,-0.168,0.377,-24.019,0.0,
20f7631e,2026-05-02T23:20:51.368,2619,8900,static_1m_normal,Стационарная цель на 1 м по нормали,1,none,0,1.0,0.0,P1,0.4096,-0.167,0.374,-24.062,0.0,
20f7631e,2026-05-02T23:20:51.476,2621,9008,static_1m_normal,Стационарная цель на 1 м по нормали,1,none,0,1.0,0.0,P1,0.3815,-0.137,0.356,-21.048,0.0,
20f7631e,2026-05-02T23:20:51.567,2622,9098,static_1m_normal,Стационарная цель на 1 м по нормали,1,none,0,1.0,0.0,P1,0.3736,-0.11,0.357,-17.125,0.0,
20f7631e,2026-05-02T23:20:51.687,2623,9219,static_1m_normal,Стационарная цель на 1 м по нормали,1,none,0,1.0,0.0,P1,0.3854,-0.108,0.37,-16.272,0.0,
20f7631e,2026-05-02T23:20:51.767,2624,9299,static_1m_normal,Стационарная цель на 1 м по нормали,1,none,0,1.0,0.0,P1,0.3944,-0.119,0.376,-17.562,0.0,
20f7631e,2026-05-02T23:20:51.878,2625,9410,static_1m_normal,Стационарная цель на 1 м по нормали,1,none,0,1.0,0.0,P1,0.4105,-0.134,0.388,-19.053,0.0,
20f7631e,2026-05-02T23:20:51.966,2626,9497,static_1m_normal,Стационарная цель на 1 м по нормали,1,none,0,1.0,0.0,P1,0.43,-0.15,0.403,-20.416,0.0,
20f7631e,2026-05-02T23:20:52.071,2627,9603,static_1m_normal,Стационарная цель на 1 м по нормали,1,none,0,1.0,0.0,P1,0.447,-0.161,0.417,-21.111,0.0,
20f7631e,2026-05-02T23:20:52.176,2628,9708,static_1m_normal,Стационарная цель на 1 м по нормали,1,none,0,1.0,0.0,P1,0.4533,-0.163,0.423,-21.074,0.0,
20f7631e,2026-05-02T23:20:52.270,2630,9802,static_1m_normal,Стационарная цель на 1 м по нормали,1,none,0,1.0,0.0,P1,0.474,-0.149,0.45,-18.32,0.0,
20f7631e,2026-05-02T23:20:52.365,2631,9897,static_1m_normal,Стационарная цель на 1 м по нормали,1,none,0,1.0,0.0,P1,0.4747,-0.148,0.451,-18.168,0.0,
20f7631e,2026-05-02T23:20:52.466,2632,9998,static_1m_normal,Стационарная цель на 1 м по нормали,1,none,0,1.0,0.0,P1,0.4743,-0.15,0.45,-18.435,0.0,
20f7631e,2026-05-02T23:20:52.566,2633,10098,static_2m_normal,Стационарная цель на 2 м по нормали,1,none,0,2.0,0.0,P1,0.474,-0.152,0.449,-18.703,0.0,SCENARIO_START
20f7631e,2026-05-02T23:20:52.671,2634,10202,static_2m_normal,Стационарная цель на 2 м по нормали,1,none,0,2.0,0.0,P1,0.4747,-0.154,0.449,-18.931,0.0,
20f7631e,2026-05-02T23:20:52.765,2635,10297,static_2m_normal,Стационарная цель на 2 м по нормали,1,none,0,2.0,0.0,P1,0.474,-0.152,0.449,-18.703,0.0,
20f7631e,2026-05-02T23:20:52.869,2636,10401,static_2m_normal,Стационарная цель на 2 м по нормали,1,none,0,2.0,0.0,P1,0.4744,-0.153,0.449,-18.817,0.0,
20f7631e,2026-05-02T23:20:52.978,2637,10510,static_2m_normal,Стационарная цель на 2 м по нормали,1,none,0,2.0,0.0,P1,0.4753,-0.153,0.45,-18.778,0.0,
20f7631e,2026-05-02T23:20:53.066,2639,10598,static_2m_normal,Стационарная цель на 2 м по нормали,1,none,0,2.0,0.0,P1,0.4753,-0.153,0.45,-18.778,0.0,
20f7631e,2026-05-02T23:20:53.181,2640,10713,static_2m_normal,Стационарная цель на 2 м по нормали,1,none,0,2.0,0.0,P1,0.4753,-0.153,0.45,-18.778,0.0,
20f7631e,2026-05-02T23:20:53.282,2641,10813,static_2m_normal,Стационарная цель на 2 м по нормали,1,none,0,2.0,0.0,P1,0.4753,-0.153,0.45,-18.778,0.0,
20f7631e,2026-05-02T23:20:53.366,2642,10898,static_2m_normal,Стационарная цель на 2 м по нормали,1,none,0,2.0,0.0,P1,0.4753,-0.153,0.45,-18.778,0.0,
20f7631e,2026-05-02T23:20:53.466,2643,10998,static_2m_normal,Стационарная цель на 2 м по нормали,1,none,0,2.0,0.0,P1,0.4753,-0.153,0.45,-18.778,0.0,
20f7631e,2026-05-02T23:20:53.599,2644,11131,static_2m_normal,Стационарная цель на 2 м по нормали,1,none,0,2.0,0.0,P1,0.4753,-0.153,0.45,-18.778,0.0,
20f7631e,2026-05-02T23:20:53.709,2645,11241,static_2m_normal,Стационарная цель на 2 м по нормали,1,none,0,2.0,0.0,,,,,,,
20f7631e,2026-05-02T23:20:53.766,2646,11298,static_2m_normal,Стационарная цель на 2 м по нормали,1,none,0,2.0,0.0,,,,,,,
20f7631e,2026-05-02T23:20:53.866,2648,11398,static_2m_normal,Стационарная цель на 2 м по нормали,1,none,0,2.0,0.0,,,,,,,
20f7631e,2026-05-02T23:20:53.973,2649,11505,static_2m_normal,Стационарная цель на 2 м по нормали,1,none,0,2.0,0.0,,,,,,,
20f7631e,2026-05-02T23:20:54.066,2650,11598,static_2m_normal,Стационарная цель на 2 м по нормали,1,none,0,2.0,0.0,P2,0.4851,-0.171,0.454,-20.639,0.0,
20f7631e,2026-05-02T23:20:54.184,2651,11716,static_2m_normal,Стационарная цель на 2 м по нормали,1,none,0,2.0,0.0,P2,0.4848,-0.17,0.454,-20.528,0.0,
20f7631e,2026-05-02T23:20:54.267,2652,11799,static_2m_normal,Стационарная цель на 2 м по нормали,1,none,0,2.0,0.0,P2,0.4812,-0.165,0.452,-20.054,0.0,
20f7631e,2026-05-02T23:20:54.366,2653,11898,static_2m_normal,Стационарная цель на 2 м по нормали,1,none,0,2.0,0.0,P2,0.4773,-0.162,0.449,-19.84,0.0,
20f7631e,2026-05-02T23:20:54.478,2654,12010,static_2m_normal,Стационарная цель на 2 м по нормали,1,none,0,2.0,0.0,P2,0.4779,-0.161,0.45,-19.686,0.0,
20f7631e,2026-05-02T23:20:54.566,2655,12098,static_2m_normal,Стационарная цель на 2 м по нормали,1,none,0,2.0,0.0,P2,0.4804,-0.16,0.453,-19.453,0.0,
20f7631e,2026-05-02T23:20:54.692,2657,12224,static_2m_normal,Стационарная цель на 2 м по нормали,1,none,0,2.0,0.0,P2,0.4832,-0.157,0.457,-18.96,0.0,
20f7631e,2026-05-02T23:20:54.766,2658,12297,static_2m_normal,Стационарная цель на 2 м по нормали,1,none,0,2.0,0.0,P2,0.4813,-0.157,0.455,-19.037,0.0,
20f7631e,2026-05-02T23:20:54.868,2659,12400,static_2m_normal,Стационарная цель на 2 м по нормали,1,none,0,2.0,0.0,P2,0.4775,-0.157,0.451,-19.194,0.0,
20f7631e,2026-05-02T23:20:55.006,2660,12538,static_2m_normal,Стационарная цель на 2 м по нормали,1,none,0,2.0,0.0,P2,0.4744,-0.159,0.447,-19.581,0.0,
20f7631e,2026-05-02T23:20:55.069,2661,12601,static_2m_normal,Стационарная цель на 2 м по нормали,1,none,0,2.0,0.0,P2,0.4723,-0.161,0.444,-19.931,0.0,
20f7631e,2026-05-02T23:20:55.216,2662,12748,static_2m_normal,Стационарная цель на 2 м по нормали,1,none,0,2.0,0.0,P2,0.4714,-0.164,0.442,-20.357,0.0,
20f7631e,2026-05-02T23:20:55.292,2663,12824,static_2m_normal,Стационарная цель на 2 м по нормали,1,none,0,2.0,0.0,P2,0.4706,-0.167,0.44,-20.784,0.0,
20f7631e,2026-05-02T23:20:55.405,2664,12937,static_2m_normal,Стационарная цель на 2 м по нормали,1,none,0,2.0,0.0,P2,0.4708,-0.17,0.439,-21.169,0.0,
20f7631e,2026-05-02T23:20:55.469,2665,13001,static_2m_normal,Стационарная цель на 2 м по нормали,1,none,0,2.0,0.0,P2,0.4708,-0.17,0.439,-21.169,0.0,
20f7631e,2026-05-02T23:20:55.568,2667,13100,static_2m_normal,Стационарная цель на 2 м по нормали,1,none,0,2.0,0.0,P2,0.4799,-0.182,0.444,-22.289,0.0,
20f7631e,2026-05-02T23:20:55.674,2668,13206,static_2m_normal,Стационарная цель на 2 м по нормали,1,none,0,2.0,0.0,P2,0.4842,-0.186,0.447,-22.593,0.0,
20f7631e,2026-05-02T23:20:55.767,2669,13299,static_2m_normal,Стационарная цель на 2 м по нормали,1,none,0,2.0,0.0,P2,0.4875,-0.19,0.449,-22.936,0.0,
20f7631e,2026-05-02T23:20:55.881,2670,13413,static_2m_normal,Стационарная цель на 2 м по нормали,1,none,0,2.0,0.0,P2,0.4887,-0.193,0.449,-23.26,0.0,
20f7631e,2026-05-02T23:20:55.990,2671,13521,static_2m_normal,Стационарная цель на 2 м по нормали,1,none,0,2.0,0.0,P2,0.4854,-0.194,0.445,-23.555,0.0,
20f7631e,2026-05-02T23:20:56.067,2672,13597,static_2m_normal,Стационарная цель на 2 м по нормали,1,none,0,2.0,0.0,P2,0.4844,-0.196,0.443,-23.866,0.0,
20f7631e,2026-05-02T23:20:56.166,2673,13697,static_2m_normal,Стационарная цель на 2 м по нормали,1,none,0,2.0,0.0,P2,0.5022,-0.206,0.458,-24.217,0.0,
20f7631e,2026-05-02T23:20:56.289,2674,13821,static_2m_normal,Стационарная цель на 2 м по нормали,1,none,0,2.0,0.0,P2,0.5235,-0.218,0.476,-24.607,0.0,
20f7631e,2026-05-02T23:20:56.390,2676,13922,static_2m_normal,Стационарная цель на 2 м по нормали,1,none,0,2.0,0.0,P2,0.5324,-0.226,0.482,-25.121,0.0,
20f7631e,2026-05-02T23:20:56.486,2677,14018,static_2m_normal,Стационарная цель на 2 м по нормали,1,none,0,2.0,0.0,P2,0.5292,-0.227,0.478,-25.403,0.0,
20f7631e,2026-05-02T23:20:56.566,2678,14098,static_2m_normal,Стационарная цель на 2 м по нормали,1,none,0,2.0,0.0,P2,0.526,-0.228,0.474,-25.688,0.0,
20f7631e,2026-05-02T23:20:56.671,2679,14203,static_2m_normal,Стационарная цель на 2 м по нормали,1,none,0,2.0,0.0,P2,0.5224,-0.228,0.47,-25.878,0.0,
20f7631e,2026-05-02T23:20:56.838,2680,14370,static_2m_normal,Стационарная цель на 2 м по нормали,1,none,0,2.0,0.0,P2,0.5183,-0.231,0.464,-26.466,0.0,
20f7631e,2026-05-02T23:20:56.872,2681,14404,static_2m_normal,Стационарная цель на 2 м по нормали,1,none,0,2.0,0.0,P2,0.5045,-0.232,0.448,-27.378,0.0,
20f7631e,2026-05-02T23:20:57.017,2682,14549,static_2m_normal,Стационарная цель на 2 м по нормали,1,none,0,2.0,0.0,P2,0.4978,-0.221,0.446,-26.359,0.0,
20f7631e,2026-05-02T23:20:57.066,2683,14598,static_2m_normal,Стационарная цель на 2 м по нормали,1,none,0,2.0,0.0,P2,0.4929,-0.216,0.443,-25.993,0.0,
20f7631e,2026-05-02T23:20:57.168,2685,14700,static_2m_normal,Стационарная цель на 2 м по нормали,1,none,0,2.0,0.0,P2,0.4867,-0.206,0.441,-25.038,0.0,
20f7631e,2026-05-02T23:20:57.333,2686,14865,static_2m_normal,Стационарная цель на 2 м по нормали,1,none,0,2.0,0.0,P2,0.4872,-0.205,0.442,-24.882,0.0,
20f7631e,2026-05-02T23:20:57.371,2687,14903,static_2m_normal,Стационарная цель на 2 м по нормали,1,none,0,2.0,0.0,P2,0.4864,-0.203,0.442,-24.668,0.0,
20f7631e,2026-05-02T23:20:57.488,2688,15020,static_2m_normal,Стационарная цель на 2 м по нормали,1,none,0,2.0,0.0,P2,0.4806,-0.2,0.437,-24.592,0.0,
20f7631e,2026-05-02T23:20:57.607,2689,15139,static_2m_normal,Стационарная цель на 2 м по нормали,1,none,0,2.0,0.0,P2,0.4793,-0.199,0.436,-24.533,0.0,MARK
20f7631e,2026-05-02T23:20:57.688,2690,15220,static_2m_normal,Стационарная цель на 2 м по нормали,1,none,0,2.0,0.0,P2,0.4784,-0.197,0.436,-24.315,0.0,
20f7631e,2026-05-02T23:20:57.766,2691,15298,static_2m_normal,Стационарная цель на 2 м по нормали,1,none,0,2.0,0.0,P2,0.4733,-0.191,0.433,-23.803,0.0,
20f7631e,2026-05-02T23:20:57.866,2692,15398,static_2m_normal,Стационарная цель на 2 м по нормали,1,none,0,2.0,0.0,P2,0.4677,-0.184,0.43,-23.166,0.0,
20f7631e,2026-05-02T23:20:57.967,2694,15499,static_2m_normal,Стационарная цель на 2 м по нормали,1,none,0,2.0,0.0,P2,0.4669,-0.182,0.43,-22.941,0.0,
20f7631e,2026-05-02T23:20:58.094,2695,15626,static_2m_normal,Стационарная цель на 2 м по нормали,1,none,0,2.0,0.0,P2,0.4675,-0.181,0.431,-22.78,0.0,
20f7631e,2026-05-02T23:20:58.196,2696,15728,static_2m_normal,Стационарная цель на 2 м по нормали,1,none,0,2.0,0.0,P2,0.468,-0.18,0.432,-22.62,0.0,
20f7631e,2026-05-02T23:20:58.291,2697,15823,static_2m_normal,Стационарная цель на 2 м по нормали,1,none,0,2.0,0.0,P2,0.4682,-0.178,0.433,-22.347,0.0,
20f7631e,2026-05-02T23:20:58.386,2698,15918,static_2m_normal,Стационарная цель на 2 м по нормали,1,none,0,2.0,0.0,P2,0.4667,-0.179,0.431,-22.554,0.0,
20f7631e,2026-05-02T23:20:58.472,2699,16004,static_2m_normal,Стационарная цель на 2 м по нормали,1,none,0,2.0,0.0,P2,0.4693,-0.181,0.433,-22.686,0.0,
20f7631e,2026-05-02T23:20:58.567,2700,16099,static_2m_normal,Стационарная цель на 2 м по нормали,1,none,0,2.0,0.0,P2,0.471,-0.183,0.434,-22.863,0.0,
20f7631e,2026-05-02T23:20:58.666,2701,16198,static_2m_normal,Стационарная цель на 2 м по нормали,1,none,0,2.0,0.0,P2,0.471,-0.183,0.434,-22.863,0.0,
20f7631e,2026-05-02T23:20:58.766,2703,16298,static_2m_normal,Стационарная цель на 2 м по нормали,1,none,0,2.0,0.0,P2,0.4748,-0.197,0.432,-24.514,0.0,
20f7631e,2026-05-02T23:20:58.879,2704,16411,static_2m_normal,Стационарная цель на 2 м по нормали,1,none,0,2.0,0.0,P2,0.4782,-0.203,0.433,-25.118,0.0,
20f7631e,2026-05-02T23:20:58.982,2705,16514,static_2m_normal,Стационарная цель на 2 м по нормали,1,none,0,2.0,0.0,P2,0.4822,-0.206,0.436,-25.29,0.0,
20f7631e,2026-05-02T23:20:59.068,2706,16600,static_2m_normal,Стационарная цель на 2 м по нормали,1,none,0,2.0,0.0,P2,0.4849,-0.206,0.439,-25.138,0.0,
20f7631e,2026-05-02T23:20:59.166,2707,16698,static_2m_normal,Стационарная цель на 2 м по нормали,1,none,0,2.0,0.0,P2,0.4872,-0.205,0.442,-24.882,0.0,
20f7631e,2026-05-02T23:20:59.281,2708,16813,static_2m_normal,Стационарная цель на 2 м по нормали,1,none,0,2.0,0.0,P2,0.4865,-0.201,0.443,-24.405,0.0,
20f7631e,2026-05-02T23:20:59.384,2709,16916,static_2m_normal,Стационарная цель на 2 м по нормали,1,none,0,2.0,0.0,P2,0.487,-0.2,0.444,-24.249,0.0,
20f7631e,2026-05-02T23:20:59.469,2710,17001,static_2m_normal,Стационарная цель на 2 м по нормали,1,none,0,2.0,0.0,P2,0.487,-0.2,0.444,-24.249,0.0,
20f7631e,2026-05-02T23:20:59.566,2712,17098,static_2m_normal,Стационарная цель на 2 м по нормали,1,none,0,2.0,0.0,P2,0.4909,-0.203,0.447,-24.425,0.0,
20f7631e,2026-05-02T23:20:59.680,2713,17212,static_2m_normal,Стационарная цель на 2 м по нормали,1,none,0,2.0,0.0,P2,0.4909,-0.203,0.447,-24.425,0.0,
20f7631e,2026-05-02T23:20:59.766,2714,17298,static_2m_normal,Стационарная цель на 2 м по нормали,1,none,0,2.0,0.0,P2,0.4909,-0.203,0.447,-24.425,0.0,
20f7631e,2026-05-02T23:20:59.870,2715,17402,static_2m_left30,Стационарная цель на 2 м под углом -30°,1,none,0,2.0,-30.0,P2,0.4909,-0.203,0.447,-24.425,0.0,SCENARIO_START
20f7631e,2026-05-02T23:20:59.976,2716,17508,static_2m_left30,Стационарная цель на 2 м под углом -30°,1,none,0,2.0,-30.0,P2,0.4909,-0.203,0.447,-24.425,0.0,
20f7631e,2026-05-02T23:21:00.067,2717,17599,static_2m_left30,Стационарная цель на 2 м под углом -30°,1,none,0,2.0,-30.0,P2,0.4909,-0.203,0.447,-24.425,0.0,
20f7631e,2026-05-02T23:21:00.184,2718,17716,static_2m_left30,Стационарная цель на 2 м под углом -30°,1,none,0,2.0,-30.0,P2,0.4909,-0.203,0.447,-24.425,0.0,
20f7631e,2026-05-02T23:21:00.267,2719,17799,static_2m_left30,Стационарная цель на 2 м под углом -30°,1,none,0,2.0,-30.0,,,,,,,
20f7631e,2026-05-02T23:21:00.386,2721,17918,static_2m_left30,Стационарная цель на 2 м под углом -30°,1,none,0,2.0,-30.0,,,,,,,
20f7631e,2026-05-02T23:21:00.466,2722,17998,static_2m_left30,Стационарная цель на 2 м под углом -30°,1,none,0,2.0,-30.0,,,,,,,
20f7631e,2026-05-02T23:21:00.574,2723,18106,static_2m_left30,Стационарная цель на 2 м под углом -30°,1,none,0,2.0,-30.0,,,,,,,
20f7631e,2026-05-02T23:21:00.688,2724,18220,static_2m_left30,Стационарная цель на 2 м под углом -30°,1,none,0,2.0,-30.0,P3,0.4854,-0.207,0.439,-25.245,0.0,
20f7631e,2026-05-02T23:21:00.768,2725,18300,static_2m_left30,Стационарная цель на 2 м под углом -30°,1,none,0,2.0,-30.0,P3,0.4808,-0.207,0.434,-25.499,0.0,
20f7631e,2026-05-02T23:21:00.882,2726,18414,static_2m_left30,Стационарная цель на 2 м под углом -30°,1,none,0,2.0,-30.0,P3,0.4756,-0.199,0.432,-24.733,0.0,
20f7631e,2026-05-02T23:21:00.966,2727,18498,static_2m_left30,Стационарная цель на 2 м под углом -30°,1,none,0,2.0,-30.0,P3,0.474,-0.186,0.436,-23.103,0.0,
20f7631e,2026-05-02T23:21:01.076,2728,18608,static_2m_left30,Стационарная цель на 2 м под углом -30°,1,none,0,2.0,-30.0,P3,0.4691,-0.168,0.438,-20.985,0.0,
20f7631e,2026-05-02T23:21:01.166,2730,18698,static_2m_left30,Стационарная цель на 2 м под углом -30°,1,none,0,2.0,-30.0,P3,0.4071,-0.05,0.404,-7.055,0.0,
20f7631e,2026-05-02T23:21:01.275,2731,18807,static_2m_left30,Стационарная цель на 2 м под углом -30°,1,none,0,2.0,-30.0,P3,0.3954,0.052,0.392,7.556,0.0,
20f7631e,2026-05-02T23:21:01.365,2732,18897,static_2m_left30,Стационарная цель на 2 м под углом -30°,1,none,0,2.0,-30.0,P3,0.407,0.049,0.404,6.915,0.0,
20f7631e,2026-05-02T23:21:01.480,2733,19012,static_2m_left30,Стационарная цель на 2 м под углом -30°,1,none,0,2.0,-30.0,P3,0.415,0.0,0.415,0.0,0.0,
20f7631e,2026-05-02T23:21:01.567,2734,19099,static_2m_left30,Стационарная цель на 2 м под углом -30°,1,none,0,2.0,-30.0,P3,0.4261,-0.051,0.423,-6.875,0.0,
20f7631e,2026-05-02T23:21:01.686,2735,19218,static_2m_left30,Стационарная цель на 2 м под углом -30°,1,none,0,2.0,-30.0,P3,0.4451,-0.107,0.432,-13.911,0.0,
20f7631e,2026-05-02T23:21:01.766,2736,19298,static_2m_left30,Стационарная цель на 2 м под углом -30°,1,none,0,2.0,-30.0,P3,0.4693,-0.149,0.445,-18.512,0.0,
20f7631e,2026-05-02T23:21:01.872,2737,19404,static_2m_left30,Стационарная цель на 2 м под углом -30°,1,none,0,2.0,-30.0,P3,0.4814,-0.163,0.453,-19.79,0.0,
20f7631e,2026-05-02T23:21:01.968,2739,19500,static_2m_left30,Стационарная цель на 2 м под углом -30°,1,none,0,2.0,-30.0,P3,0.5111,-0.181,0.478,-20.74,0.0,
20f7631e,2026-05-02T23:21:02.090,2740,19622,static_2m_left30,Стационарная цель на 2 м под углом -30°,1,none,0,2.0,-30.0,P3,0.5137,-0.175,0.483,-19.916,0.0,
20f7631e,2026-05-02T23:21:02.167,2741,19699,static_2m_left30,Стационарная цель на 2 м под углом -30°,1,none,0,2.0,-30.0,P3,0.5175,-0.175,0.487,-19.766,0.0,
20f7631e,2026-05-02T23:21:02.277,2742,19809,static_2m_left30,Стационарная цель на 2 м под углом -30°,1,none,0,2.0,-30.0,P3,0.5284,-0.185,0.495,-20.493,0.0,
20f7631e,2026-05-02T23:21:02.367,2743,19899,static_2m_left30,Стационарная цель на 2 м под углом -30°,1,none,0,2.0,-30.0,P3,0.5382,-0.204,0.498,-22.276,0.0,
20f7631e,2026-05-02T23:21:02.489,2744,20021,static_2m_left30,Стационарная цель на 2 м под углом -30°,1,none,0,2.0,-30.0,P3,0.5449,-0.232,0.493,-25.201,0.0,
20f7631e,2026-05-02T23:21:02.566,2745,20098,static_2m_left30,Стационарная цель на 2 м под углом -30°,1,none,0,2.0,-30.0,P3,0.553,-0.293,0.469,-31.994,0.0,
20f7631e,2026-05-02T23:21:02.678,2746,20210,static_2m_left30,Стационарная цель на 2 м под углом -30°,1,none,0,2.0,-30.0,P3,0.5632,-0.34,0.449,-37.134,0.0,
20f7631e,2026-05-02T23:21:02.767,2748,20299,static_2m_left30,Стационарная цель на 2 м под углом -30°,1,none,0,2.0,-30.0,P3,0.5749,-0.37,0.44,-40.061,0.0,
20f7631e,2026-05-02T23:21:02.875,2749,20407,static_2m_left30,Стационарная цель на 2 м под углом -30°,1,none,0,2.0,-30.0,P3,0.5675,-0.356,0.442,-38.849,0.0,
20f7631e,2026-05-02T23:21:02.968,2750,20500,static_2m_left30,Стационарная цель на 2 м под углом -30°,1,none,0,2.0,-30.0,P3,0.5626,-0.348,0.442,-38.214,0.0,
20f7631e,2026-05-02T23:21:03.075,2751,20607,static_2m_left30,Стационарная цель на 2 м под углом -30°,1,none,0,2.0,-30.0,P3,0.5603,-0.343,0.443,-37.749,0.0,
20f7631e,2026-05-02T23:21:03.167,2752,20699,static_2m_left30,Стационарная цель на 2 м под углом -30°,1,none,0,2.0,-30.0,P3,0.5532,-0.334,0.441,-37.139,0.0,
20f7631e,2026-05-02T23:21:03.275,2753,20807,static_2m_left30,Стационарная цель на 2 м под углом -30°,1,none,0,2.0,-30.0,P3,0.5481,-0.32,0.445,-35.72,0.0,
20f7631e,2026-05-02T23:21:03.377,2754,20909,static_2m_left30,Стационарная цель на 2 м под углом -30°,1,none,0,2.0,-30.0,P3,0.5473,-0.31,0.451,-34.503,0.0,
20f7631e,2026-05-02T23:21:03.466,2755,20997,static_2m_left30,Стационарная цель на 2 м под углом -30°,1,none,0,2.0,-30.0,P3,0.5442,-0.297,0.456,-33.077,0.0,
20f7631e,2026-05-02T23:21:03.581,2757,21113,static_2m_left30,Стационарная цель на 2 м под углом -30°,1,none,0,2.0,-30.0,P3,0.5373,-0.289,0.453,-32.537,0.0,
20f7631e,2026-05-02T23:21:03.666,2758,21198,static_2m_left30,Стационарная цель на 2 м под углом -30°,1,none,0,2.0,-30.0,P3,0.5325,-0.291,0.446,-33.123,0.0,
20f7631e,2026-05-02T23:21:03.787,2759,21318,static_2m_left30,Стационарная цель на 2 м под углом -30°,1,none,0,2.0,-30.0,P3,0.5239,-0.295,0.433,-34.266,0.0,
20f7631e,2026-05-02T23:21:03.867,2760,21398,static_2m_right30,Стационарная цель на 2 м под углом +30°,1,none,0,2.0,30.0,P3,0.4917,-0.254,0.421,-31.104,0.0,SCENARIO_START
20f7631e,2026-05-02T23:21:03.990,2761,21522,static_2m_right30,Стационарная цель на 2 м под углом +30°,1,none,0,2.0,30.0,P3,0.4269,-0.157,0.397,-21.577,-0.08,
20f7631e,2026-05-02T23:21:04.067,2762,21599,static_2m_right30,Стационарная цель на 2 м под углом +30°,1,none,0,2.0,30.0,P3,0.3864,-0.051,0.383,-7.585,-0.08,
20f7631e,2026-05-02T23:21:04.176,2763,21708,static_2m_right30,Стационарная цель на 2 м под углом +30°,1,none,0,2.0,30.0,P3,0.3474,0.017,0.347,2.805,0.0,
20f7631e,2026-05-02T23:21:04.274,2764,21806,static_2m_right30,Стационарная цель на 2 м под углом +30°,1,none,0,2.0,30.0,P3,0.3433,0.075,0.335,12.619,0.0,
20f7631e,2026-05-02T23:21:04.366,2765,21898,static_2m_right30,Стационарная цель на 2 м под углом +30°,1,none,0,2.0,30.0,P3,0.3627,0.112,0.345,17.985,0.0,
20f7631e,2026-05-02T23:21:04.468,2767,22000,static_2m_right30,Стационарная цель на 2 м под углом +30°,1,none,0,2.0,30.0,P3,0.3821,0.113,0.365,17.202,0.0,
20f7631e,2026-05-02T23:21:04.566,2768,22098,static_2m_right30,Стационарная цель на 2 м под углом +30°,1,none,0,2.0,30.0,P3,0.3887,0.106,0.374,15.824,0.0,
20f7631e,2026-05-02T23:21:04.668,2769,22200,static_2m_right30,Стационарная цель на 2 м под углом +30°,1,none,0,2.0,30.0,P3,0.4094,0.087,0.4,12.271,0.0,
20f7631e,2026-05-02T23:21:04.765,2770,22297,static_2m_right30,Стационарная цель на 2 м под углом +30°,1,none,0,2.0,30.0,P3,0.4461,0.06,0.442,7.73,0.0,
20f7631e,2026-05-02T23:21:04.870,2771,22401,static_2m_right30,Стационарная цель на 2 м под углом +30°,1,none,0,2.0,30.0,P3,0.4823,0.035,0.481,4.162,0.0,
20f7631e,2026-05-02T23:21:04.970,2772,22502,static_2m_right30,Стационарная цель на 2 м под углом +30°,1,none,0,2.0,30.0,P3,0.5037,0.026,0.503,2.959,0.0,
20f7631e,2026-05-02T23:21:05.065,2773,22597,static_2m_right30,Стационарная цель на 2 м под углом +30°,1,none,0,2.0,30.0,P3,0.5076,0.025,0.507,2.823,0.0,
20f7631e,2026-05-02T23:21:05.177,2774,22709,static_2m_right30,Стационарная цель на 2 м под углом +30°,1,none,0,2.0,30.0,P3,0.5096,0.024,0.509,2.7,0.0,
20f7631e,2026-05-02T23:21:05.266,2776,22797,static_2m_right30,Стационарная цель на 2 м под углом +30°,1,none,0,2.0,30.0,P3,0.5172,0.015,0.517,1.662,0.0,
20f7631e,2026-05-02T23:21:05.376,2777,22908,static_2m_right30,Стационарная цель на 2 м под углом +30°,1,none,0,2.0,30.0,P3,0.5231,0.009,0.523,0.986,0.0,
20f7631e,2026-05-02T23:21:05.465,2778,22997,static_2m_right30,Стационарная цель на 2 м под углом +30°,1,none,0,2.0,30.0,P3,0.531,0.005,0.531,0.539,0.0,
20f7631e,2026-05-02T23:21:05.568,2779,23100,static_2m_right30,Стационарная цель на 2 м под углом +30°,1,none,0,2.0,30.0,P3,0.538,0.005,0.538,0.532,0.0,
20f7631e,2026-05-02T23:21:05.675,2780,23207,static_2m_right30,Стационарная цель на 2 м под углом +30°,1,none,0,2.0,30.0,P3,0.5391,0.01,0.539,1.063,0.0,
20f7631e,2026-05-02T23:21:05.766,2781,23298,static_2m_right30,Стационарная цель на 2 м под углом +30°,1,none,0,2.0,30.0,P3,0.5382,0.013,0.538,1.384,0.0,
20f7631e,2026-05-02T23:21:05.883,2782,23415,static_2m_right30,Стационарная цель на 2 м под углом +30°,1,none,0,2.0,30.0,P3,0.5354,0.02,0.535,2.141,0.0,
20f7631e,2026-05-02T23:21:05.965,2783,23497,static_2m_right30,Стационарная цель на 2 м под углом +30°,1,none,0,2.0,30.0,P3,0.533,0.032,0.532,3.442,0.0,
20f7631e,2026-05-02T23:21:06.068,2785,23600,static_2m_right30,Стационарная цель на 2 м под углом +30°,1,none,0,2.0,30.0,P3,0.5352,0.058,0.532,6.222,0.0,
20f7631e,2026-05-02T23:21:06.187,2786,23719,static_2m_right30,Стационарная цель на 2 м под углом +30°,1,none,0,2.0,30.0,P3,0.5344,0.06,0.531,6.447,0.0,
20f7631e,2026-05-02T23:21:06.267,2787,23799,static_2m_right30,Стационарная цель на 2 м под углом +30°,1,none,0,2.0,30.0,P3,0.535,0.057,0.532,6.116,0.0,
20f7631e,2026-05-02T23:21:06.378,2788,23910,static_2m_right30,Стационарная цель на 2 м под углом +30°,1,none,0,2.0,30.0,P3,0.5311,0.047,0.529,5.077,0.0,
20f7631e,2026-05-02T23:21:06.467,2789,23999,static_2m_right30,Стационарная цель на 2 м под углом +30°,1,none,0,2.0,30.0,P3,0.5101,0.01,0.51,1.123,0.0,
20f7631e,2026-05-02T23:21:06.584,2790,24116,static_2m_right30,Стационарная цель на 2 м под углом +30°,1,none,0,2.0,30.0,P3,0.5009,-0.03,0.5,-3.434,0.0,
20f7631e,2026-05-02T23:21:06.667,2791,24199,static_2m_right30,Стационарная цель на 2 м под углом +30°,1,none,0,2.0,30.0,P3,0.507,-0.078,0.501,-8.849,0.0,
20f7631e,2026-05-02T23:21:06.786,2792,24318,static_2m_right30,Стационарная цель на 2 м под углом +30°,1,none,0,2.0,30.0,P3,0.5049,-0.109,0.493,-12.467,0.0,
20f7631e,2026-05-02T23:21:06.867,2794,24399,static_2m_right30,Стационарная цель на 2 м под углом +30°,1,none,0,2.0,30.0,P3,0.5106,-0.133,0.493,-15.098,0.0,
20f7631e,2026-05-02T23:21:06.978,2795,24510,static_2m_right30,Стационарная цель на 2 м под углом +30°,1,none,0,2.0,30.0,P3,0.5102,-0.135,0.492,-15.344,0.0,
20f7631e,2026-05-02T23:21:07.077,2796,24609,static_2m_right30,Стационарная цель на 2 м под углом +30°,1,none,0,2.0,30.0,P3,0.5084,-0.12,0.494,-13.654,0.0,
20f7631e,2026-05-02T23:21:07.166,2797,24698,static_2m_right30,Стационарная цель на 2 м под углом +30°,1,none,0,2.0,30.0,P3,0.5092,-0.115,0.496,-13.054,0.0,
20f7631e,2026-05-02T23:21:07.278,2798,24810,static_2m_right30,Стационарная цель на 2 м под углом +30°,1,none,0,2.0,30.0,P3,0.5087,-0.113,0.496,-12.834,0.0,
20f7631e,2026-05-02T23:21:07.368,2799,24900,static_2m_right30,Стационарная цель на 2 м под углом +30°,1,none,0,2.0,30.0,P3,0.5077,-0.113,0.495,-12.859,0.0,
20f7631e,2026-05-02T23:21:07.479,2800,25011,static_2m_right30,Стационарная цель на 2 м под углом +30°,1,none,0,2.0,30.0,P3,0.5065,-0.116,0.493,-13.241,0.0,
20f7631e,2026-05-02T23:21:07.566,2801,25098,static_2m_right30,Стационарная цель на 2 м под углом +30°,1,none,0,2.0,30.0,P3,0.5055,-0.12,0.491,-13.734,0.0,
20f7631e,2026-05-02T23:21:07.693,2803,25225,static_2m_right30,Стационарная цель на 2 м под углом +30°,1,none,0,2.0,30.0,P3,0.5064,-0.128,0.49,-14.64,0.0,
20f7631e,2026-05-02T23:21:07.784,2804,25316,static_2m_right30,Стационарная цель на 2 м под углом +30°,1,none,0,2.0,30.0,P3,0.506,-0.13,0.489,-14.888,0.0,
20f7631e,2026-05-02T23:21:07.876,2805,25408,static_2m_right30,Стационарная цель на 2 м под углом +30°,1,none,0,2.0,30.0,P3,0.5062,-0.131,0.489,-14.997,0.0,
20f7631e,2026-05-02T23:21:07.978,2806,25510,static_2m_right30,Стационарная цель на 2 м под углом +30°,1,none,0,2.0,30.0,P3,0.5072,-0.131,0.49,-14.968,0.0,
20f7631e,2026-05-02T23:21:08.067,2807,25599,static_2m_right30,Стационарная цель на 2 м под углом +30°,1,none,0,2.0,30.0,P3,0.5077,-0.129,0.491,-14.721,0.0,
20f7631e,2026-05-02T23:21:08.166,2808,25698,static_2m_right30,Стационарная цель на 2 м под углом +30°,1,none,0,2.0,30.0,P3,0.504,-0.122,0.489,-14.009,0.0,
20f7631e,2026-05-02T23:21:08.274,2809,25806,static_2m_right30,Стационарная цель на 2 м под углом +30°,1,none,0,2.0,30.0,P3,0.4999,-0.117,0.486,-13.536,0.0,MARK
20f7631e,2026-05-02T23:21:08.366,2810,25898,static_2m_right30,Стационарная цель на 2 м под углом +30°,1,none,0,2.0,30.0,P3,0.4982,-0.118,0.484,-13.702,0.0,
20f7631e,2026-05-02T23:21:08.490,2812,26022,static_2m_right30,Стационарная цель на 2 м под углом +30°,1,none,0,2.0,30.0,P3,0.4996,-0.124,0.484,-14.37,0.0,
20f7631e,2026-05-02T23:21:08.610,2813,26142,static_2m_right30,Стационарная цель на 2 м под углом +30°,1,none,0,2.0,30.0,P3,0.5008,-0.125,0.485,-14.452,0.0,
20f7631e,2026-05-02T23:21:08.666,2814,26198,static_2m_right30,Стационарная цель на 2 м под углом +30°,1,none,0,2.0,30.0,P3,0.5014,-0.127,0.485,-14.674,0.0,
20f7631e,2026-05-02T23:21:08.766,2815,26298,static_2m_right30,Стационарная цель на 2 м под углом +30°,1,none,0,2.0,30.0,P3,0.5016,-0.128,0.485,-14.784,0.0,
20f7631e,2026-05-02T23:21:08.868,2816,26400,static_2m_right30,Стационарная цель на 2 м под углом +30°,1,none,0,2.0,30.0,P3,0.5006,-0.128,0.484,-14.813,0.0,
20f7631e,2026-05-02T23:21:08.967,2817,26499,static_2m_right30,Стационарная цель на 2 м под углом +30°,1,none,0,2.0,30.0,P3,0.4985,-0.127,0.482,-14.761,0.0,
20f7631e,2026-05-02T23:21:09.068,2818,26599,static_2m_right30,Стационарная цель на 2 м под углом +30°,1,none,0,2.0,30.0,P3,0.497,-0.125,0.481,-14.568,0.0,
20f7631e,2026-05-02T23:21:09.171,2819,26703,static_2m_right30,Стационарная цель на 2 м под углом +30°,1,none,0,2.0,30.0,P3,0.497,-0.125,0.481,-14.568,0.0,
20f7631e,2026-05-02T23:21:09.279,2821,26810,static_2m_right30,Стационарная цель на 2 м под углом +30°,1,none,0,2.0,30.0,P3,0.497,-0.125,0.481,-14.568,0.0,
20f7631e,2026-05-02T23:21:09.396,2822,26928,static_2m_right30,Стационарная цель на 2 м под углом +30°,1,none,0,2.0,30.0,P3,0.497,-0.125,0.481,-14.568,0.0,
20f7631e,2026-05-02T23:21:09.501,2823,27032,static_2m_right30,Стационарная цель на 2 м под углом +30°,1,none,0,2.0,30.0,P3,0.497,-0.125,0.481,-14.568,0.0,
20f7631e,2026-05-02T23:21:09.599,2824,27131,static_2m_right30,Стационарная цель на 2 м под углом +30°,1,none,0,2.0,30.0,P3,0.497,-0.125,0.481,-14.568,0.0,
20f7631e,2026-05-02T23:21:09.690,2825,27221,static_2m_right30,Стационарная цель на 2 м под углом +30°,1,none,0,2.0,30.0,P3,0.497,-0.125,0.481,-14.568,0.0,
20f7631e,2026-05-02T23:21:09.767,2826,27298,static_2m_right30,Стационарная цель на 2 м под углом +30°,1,none,0,2.0,30.0,P3,0.497,-0.125,0.481,-14.568,0.0,
